{"cameraMode":{"drawMode":0,"name":"Shaded","section":"Shading Mode"},"sceneLighting":true,"audioPlay":false,"sceneViewState":{"m_AlwaysRefresh":false,"showFog":true,"showSkybox":false,"showFlares":true,"showImageEffects":true,"showParticleSystems":true,"showVisualEffectGraphs":true,"m_FxEnabled":true},"in2DMode":false,"pivot":{"x":-1.0860285758972169,"y":0.1529998779296875,"z":8.522246360778809},"rotation":{"x":0.30959564447402956,"y":-0.43704643845558169,"z":0.16330945491790772,"w":0.8285372853279114},"size":17.412364959716798,"orthographic":false}